ID;lat;long;altitude;median_water_depth
313823081154201;31.63994184;-81.26148831;4.78536;6.612636
315113081121401;31.85361111;-81.20388889;6.096;11.350752
315214081235301;31.87076688;-81.39788719;4.879848;7.450836
315443081185902;31.91194444;-81.31638889;2.901696;7.914132
315443081185903;31.912;-81.31627778;3.3528;7.807452
315906081011202;31.98521452;-81.01983372;2.813304;11.853672
315906081011204;31.9852145;-81.0198337;2.892552;2.56032
315950081161201;31.99742964;-81.269834;5.428488;1.045464
320021081124801;32.00604155;-81.21316744;3.709416;12.457176
320122080510204;32.02299175;-80.85038817;2.322576;7.327392
320202080541201;32.0341019;-80.90316645;-0.21336;7.994904
320202080541202;32.0341019;-80.9031665;-0.21336;1.746504
320202080541203;32.0341019;-80.9031665;-0.21336;2.456688
320433081042701;32.0760416;-81.07400081;1.194816;16.785336
320530081085001;32.09187268;-81.14705669;3.020568;20.415504
320754081364301;32.13186697;-81.61177882;25.908;19.37004
321742081234901;32.29519648;-81.3967778;24.374856;7.077456
321742081234904;32.29519648;-81.39677783;24.384;21.988272
321943081151401;32.32861111;-81.25388889;19.5072;13.493496
322234081190003;32.3761111;-81.3166667;12.198096;6.220968
322236081191001;32.37685722;-81.31927633;12.490704;9.985248
323123081511601;32.52322514;-81.85428058;62.484;26.977848
323123081511602;32.52322514;-81.85428058;62.484;25.682448
324729079472001;32.7915653;-79.92842117;1.993392;18.277332
325232082131501;32.87577778;-82.22083333;81.9912;26.986992
330247079340300;33.04655887;-79.5672912;6.7056;4.291584
331022080021801;33.17294713;-80.03786119;20.4216;21.378672
331711081573701;33.25713889;-81.9625;90.5256;40.434768
332131082013401;33.35855556;-82.02613889;73.7616;20.610576
335336082214600;33.8934575;-82.36262688;121.92;11.454384
335629078115406;33.94111111;-78.19861111;11.2776;3.240024
335631078003604;33.94194444;-78.00972222;8.558784;6.839712
335631078003605;33.94194444;-78.00972222;8.613648;6.449568
335849078054301;33.98027778;-78.09527778;16.623792;11.463528
340416078084202;34.07138889;-78.14486111;12.192;2.837688
342440080443900;34.41111111;-80.74416667;91.397328;16.120872
342440080443901;34.41113056;-80.74441111;91.397328;14.087856
343105080172100;34.5181111;-80.2894167;92.6592;4.0386
343714082285600;34.62066938;-82.4820722;239.268;0.917448
344000081250011;34.67430433;-81.41509653;202.692;28.038552
344333080503600;34.72597222;-80.84333333;155.7528;7.97052
344333080503601;34.726;-80.84333333;156.0576;8.761476
344520079281001;34.755;-79.46722222;64.3128;3.745992
344544079263701;34.76222222;-79.44361111;64.3128;5.640324
345051083041800;34.84759273;-83.07154042;329.184;9.081516
345145081502900;34.86262792;-81.84121266;188.707776;13.2969
345812079313401;34.97055556;-79.52833333;131.15544;9.244584
345830081033100;34.97516667;-81.05875;206.98968;6.556248
345830081033101;34.97519444;-81.05880556;206.9592;5.611368
351709082434101;35.28583333;-82.72805556;663.48864;4.255008
351808082374302;35.30277778;-82.62833333;654.558;8.887968
352012081154301;35.33680556;-81.26206944;284.006544;11.530584
352012081154302;35.33680556;-81.26206944;282.189936;9.87552
353135080524201;35.52638889;-80.87833333;244.81536;5.361432
353135080524202;35.52666667;-80.87833333;244.7544;5.34924
353135080524203;35.52666667;-80.87833333;244.66296;6.9342
353922083345600;35.65620264;-83.58211068;654.7104;2.68224
354057080362601;35.68278333;-80.60704722;206.07528;2.069592
354133082042201;35.69261111;-82.07294444;409.8036;8.970264
354133082042203;35.69261111;-82.07294444;409.83408;9.000744
354302081433201;35.71722222;-81.72555556;315.83376;2.426208
354302081433202;35.7172222;-81.7255556;315.68136;3.401568
355359080331701;35.89981944;-80.55478056;253.499112;5.05968
AA32R1;34.44595;-78.03817;5.2294536;2.340864
AA32R3;34.44595;-78.03817;4.8393096;2.822448
AA35N1;34.455982;-78.307832;7.7227176;1.970532
AA35N3;34.455982;-78.307832;8.8504776;2.286
AA35N4;34.455982;-78.307832;8.2317336;2.157984
AA39V1;34.418763;-78.602503;31.947612;6.163056
AA39V2;34.418763;-78.602503;31.892748;14.67612
AA39V3;34.418763;-78.602503;31.926276;12.673584
AA39V4;34.418763;-78.602503;31.990284;11.152632
AA43Q1;34.439458;-78.971663;24.36876;18.193512
AIK-0817;33.438056;-81.770833;127.7112;56.345328
AIK-0824;33.43777778;-81.77083333;127.7112;55.604664
AIK-0826;33.54305556;-81.48555556;89.916;8.081772
AIK-0847;33.54277778;-81.48527778;89.916;8.41248
AIK-0849;33.54222222;-81.485;89.916;12.886944
AIK-0867;33.37722222;-81.64083333;79.5528;16.069056
AIK-0869;33.37722222;-81.64083333;79.248;15.099792
AIK-0875;33.21444444;-81.75888889;46.0248;11.070336
AIK-0877;33.21416667;-81.75888889;46.0248;11.070336
AIK-0889;33.28666667;-81.72194444;81.0768;30.751272
AIK-0894;33.33777778;-81.70861111;107.8992;45.299376
AIK-0897;33.33777778;-81.70861111;107.8992;30.5562
AIK-2449;33.53944444;-81.855;150.5712;78.214728
AIK-2544;33.62527778;-81.85;149.352;25.02408
AIK-2711;33.51388889;-81.92083333;129.54;56.078628
AIK-2741;33.353503;-81.808839;70.104;15.111984
AIK-2742;33.542333;-81.485415;91.44;8.705088
ALL-0358;33.11333333;-81.50611111;74.0664;19.744944
ALL-0363;33.11361111;-81.50611111;74.9808;25.091136
ALL-0365;33.11361111;-81.50611111;74.3712;35.55492
ALL-0367;33.11333333;-81.50611111;74.9808;28.642056
ALL-0371;33.02472222;-81.38472222;85.9536;28.709112
ALL-0372;33.02472222;-81.38444444;85.9536;17.471136
ALL-0373;33.025;-81.38416667;85.344;38.34384
ALL-0375;33.025;-81.385;86.2584;47.225712
ALL-0376;33.025;-81.38472222;85.9536;44.33316
ALL-0377;33.02472222;-81.38444444;85.9536;31.251144
ALL-0408;32.975;-81.45833333;41.148;47.661576
ALL-0442;32.86388889;-81.30555556;42.672;5.31876
BAM-0022;33.31583333;-81.13861111;67.056;8.93064
BAM-0026;33.10305556;-81.01277778;42.672;1.4478
BAM-0031;33.29666667;-81.03666667;48.768;1.4478
BAM-0068;33.05583333;-81.09833333;32.9184;2.112264
BB45M2;34.373223;-79.127359;27.5999448;13.941552
BB45M3;34.373223;-79.127359;27.6700488;8.119872
BB45M4;34.373223;-79.127359;27.5237448;6.807708
BB45M5;34.373223;-79.127359;27.6212808;3.514344
BB45M6;34.373223;-79.127359;27.5603208;2.097024
BFT-0101;32.16805556;-80.74055556;4.2672;6.687312
BFT-0133;32.52361111;-80.71861111;3.6576;3.197352
BFT-0441;32.24916667;-80.72777778;3.048;3.486912
BFT-0449;32.326889;-80.461306;1.524;1.261872
BFT-0452;32.39805556;-80.4375;1.8288;0.783336
BFT-0488;32.40861111;-80.51333333;3.048;2.642616
BFT-0563;32.37444444;-80.54722222;5.1816;4.28244
BFT-0982;32.364611;-80.659806;3.3528;2.642616
BFT-1736;32.4075;-80.77111111;6.4008;6.894576
BFT-1809;32.2675;-80.72277778;3.6576;3.806952
BFT-1813;32.23277778;-80.67722222;3.6576;4.306824
BFT-1814;32.23277778;-80.67722222;3.6576;3.523488
BFT-1820;32.20472222;-80.74916667;3.048;5.269992
BFT-1822;32.20472222;-80.74916667;3.048;4.680204
BFT-1845;32.28055556;-80.82166667;3.6576;5.626608
BFT-1846;32.28055556;-80.82166667;3.6576;5.891784
BFT-1970;32.375;-80.693333;2.7432;1.978152
BFT-2200;32.256667;-80.707222;5.1816;5.711952
BFT-2245;32.14805556;-80.83777778;3.9624;6.989064
BFT-2303;32.238333;-80.808611;4.8768;6.525768
BFT-2309;32.17611111;-80.76805556;2.7432;4.67868
BFT-2314;32.22166667;-80.77833333;2.7432;3.694176
BFT-2356;32.20329;-80.88032;4.572;9.015984
BFT-2405;32.23698;-80.732411;4.2672;4.864608
BFT-2408;32.28444444;-80.85138889;6.7056;9.110472
BRK-0048;33.17055556;-80.29166667;25.908;9.15924
BRK-0089;33.28527778;-79.695;9.7536;22.027896
BRK-0174;33.03055556;-79.96805556;2.7432;2.782824
BRK-0595;32.97305556;-79.77638889;6.096;4.660392
BRK-0644;33.40416667;-79.93388889;22.86;4.10718
BRN-0078;33.39972222;-81.42166667;103.632;34.757868
BRN-0322;33.21361111;-81.62222222;76.8096;23.213568
BRN-0328;33.20222222;-81.57777778;77.1144;25.289256
BRN-0345;33.21416667;-81.62305556;77.1144;9.622536
BRN-0349;33.17888889;-81.31416667;63.7032;7.577328
BRN-0351;33.17861111;-81.31472222;63.0936;10.22604
BRN-0352;33.17888889;-81.31472222;63.0936;14.167104
BRN-0353;33.17861111;-81.315;63.3984;15.096744
BRN-0358;33.32055556;-81.40777778;81.0768;18.669
BRN-0360;33.32083333;-81.40777778;80.4672;5.971032
BRN-0362;33.34444444;-81.50027778;101.1936;15.291816
BRN-0365;33.32111111;-81.4075;80.4672;19.040856
BRN-0367;33.32111111;-81.40777778;80.4672;15.91056
BRN-0388;33.34444444;-81.5;101.1936;32.592264
BRN-0390;33.25277778;-81.67222222;90.5256;23.887176
BRN-0394;33.24611111;-81.61611111;90.5256;34.07664
BRN-0396;33.24583333;-81.61611111;90.8304;9.841992
BRN-0398;33.275;-81.57333333;87.7824;28.416504
BRN-0399;33.275;-81.57333333;87.7824;15.169896
BRN-0404;33.14666667;-81.60722222;63.3984;24.8412
BRN-0405;33.14666667;-81.6075;63.0936;13.786104
BRN-0408;33.19111111;-81.51333333;65.8368;19.418808
BRN-0409;33.19111111;-81.51305556;65.532;13.405104
BRN-0415;33.1825;-81.67861111;55.1688;13.770864
BRN-0416;33.1825;-81.67861111;55.4736;11.97864
BRN-0419;33.22972222;-81.57527778;95.4024;37.298376
BRN-0420;33.22972222;-81.57527778;95.4024;28.136088
BRN-0427;33.21083333;-81.6575;80.772;25.795224
BRN-0429;33.21055556;-81.6575;80.772;17.059656
BRN-0433;33.28583333;-81.635;83.5152;28.60548
BRN-0434;33.28583333;-81.63472222;83.5152;10.250424
BRN-0436;33.25277778;-81.6725;90.2208;39.124128
C71U1;36.416674;-81.258856;858.7368144;9.201912
CAL-0002;33.5575;-80.71666667;51.816;17.141952
CAL-0192;33.59861111;-80.64777778;57.912;6.27888
CAL-0193;33.59861111;-80.64777778;58.2168;18.34896
CAL-0194;33.59861111;-80.64777778;57.912;31.053024
CAL-0195;33.59861111;-80.64777778;57.912;29.42844
CAL-0215;33.59861;-80.64787;56.9976;28.2702
CC31U1;34.26499;-77.92259;6.711696;2.69748
CC33O2;34.289277;-78.156671;18.080736;4.559808
CC33O5;34.289277;-78.156671;17.772888;0.920496
CC38B10;34.33;-78.53;19.467576;5.772912
CC38B5;34.325959;-78.529773;19.02714;0.82296
CC38B6;34.325959;-78.529773;19.374612;5.305044
CC38B8;34.325959;-78.529773;19.40814;5.763768
CC38B9;34.325959;-78.529773;19.395948;5.370576
CHN-0044;32.79583333;-80.07055556;2.7432;11.146536
CHN-0484;32.58194444;-80.30611111;4.2672;14.776704
CHN-0803;33.15583333;-79.36388889;3.3528;2.46888
CHN-0989;32.73722222;-80.17777778;4.572;15.319248
CHN-0990;32.94083333;-79.65694444;1.524;2.016252
CHN-0991;32.94055556;-79.65694444;1.524;1.007364
CLA-0016;33.69388889;-80.21277778;38.1;11.7729
CLA-0020;33.7;-80.21361111;39.624;11.0109
COL-0030;32.89638889;-80.67833333;18.5928;2.313432
COL-0092;32.66166667;-80.65722222;3.6576;8.147304
COL-0096;32.73583333;-80.45222222;0.9144;11.152632
COL-0097;33.04777778;-80.59777778;24.384;15.858744
COL-0170;32.61083333;-80.55361111;6.096;14.990064
COL-0269;32.86388889;-80.65333333;15.24;17.9832
COL-0273;32.8775;-80.77833333;24.384;19.181064
COL-0301;32.51166667;-80.29944444;3.048;13.83792
COL-0795;32.74888889;-80.69555556;6.4008;11.009376
COL-0796;32.8525;-80.84555556;25.6032;19.565112
COL-0797;32.9925;-80.55638889;18.5928;13.386816
COL-0803;33.062181;-80.615;24.9936;4.014216
CRK-0074;35.155294;-81.442778;250.2408;21.82368
CTF-0081;34.64305556;-79.91166667;58.8264;26.462736
CTF-0221;34.42888889;-80.28277778;124.69368;44.671488
CTF-0222;34.42888889;-80.28277778;124.69368;39.21252
CTF-0325;34.64314;-79.91164;58.2168;11.073384
D61X1;36.343972;-80.467563;408.136344;13.322808
D72Y1;36.333751;-81.415068;868.8348384;1.389888
DAR-0228;34.45861111;-79.88;52.4256;11.38428
DD42N1;34.210698;-78.896111;32.6251824;2.417064
DD42N2;34.210698;-78.896111;32.723328;13.264896
DD42N3;34.210698;-78.896111;32.3996304;28.715208
DD42N4;34.210698;-78.896111;32.3935344;20.884896
DIL-0121;34.32833333;-79.28305556;28.956;17.873472
DIL-0171;34.33027778;-79.28694444;24.9936;9.371076
DIL-0172;34.33027778;-79.28694444;24.9936;16.206216
DIL-0173;34.33027778;-79.28694444;24.9936;15.846552
DIL-0175;34.33027778;-79.28694444;24.9936;16.85544
DOR-0030;33.18305556;-80.55277778;27.432;10.405872
DOR-0058;33.11083333;-80.28555556;21.336;10.631424
DOR-0068;33.21333333;-80.44944444;28.956;14.96568
DOR-0155;33.14972222;-80.42722222;30.48;16.998696
DOR-0240;33.03083333;-80.20555556;21.336;23.353776
E61C1;36.33285;-80.46027;316.6564152;19.223736
E62U1;36.255882;-80.505147;252.8550696;8.327136
E76Q1;36.27913;-81.7178;1237.739155;19.238976
E76Q2;36.27959;-81.71772;1237.888507;8.990076
E76Q3;36.279506;-81.717645;1237.760491;19.6596
EE30M1;34.123109;-77.871875;1.6087344;1.283208
EE30M2;34.123109;-77.871875;1.7794224;3.343656
EE30M3;34.123109;-77.871875;1.7215104;2.96418
EE30P1;34.113155;-77.91664;5.3550312;5.7912
EE30P2;34.113155;-77.91664;5.4251352;1.136904
EE30P3;34.113155;-77.91664;5.3550312;5.769864
EE36K3;34.128756;-78.338547;18.574512;2.173224
EE36K5;34.128756;-78.338547;18.7452;11.119104
EE36K6;34.128756;-78.338547;18.370296;2.465832
EE36K8;34.128756;-78.338547;18.611088;1.473708
EE39O2;34.125932;-78.663792;16.4335968;0.780288
EE39O3;34.125932;-78.663792;16.8328848;11.789664
EE39O4;34.125932;-78.663792;17.6262792;12.978384
EE39O5;34.13;-78.66;17.70888;12.530328
EE39O6;34.125932;-78.663792;17.6476152;12.883896
F62J1;36.22421;-80.50564;309.9331368;9.72312
FF32Y1;34.014423;-78.083039;15.069312;1.453896
FF32Y2;34.014423;-78.083039;15.14856;1.578864
FF33D1;34.071389;-78.144796;11.8594632;1.146048
FF33S1;34.024918;-78.101785;15.913608;1.799844
FF34F1;34.053929;-78.236684;13.9442952;3.296412
FF38J8;34.06;-78.51;20.20824;2.874264
FF38X5;34.00168;-78.558532;13.1411472;2.023872
FLO-0276;33.85611111;-79.76666667;24.0792;27.768804
FLO-0474;34.01861111;-79.75472222;24.0792;18.038064
FLO-0484;33.85584;-79.76656;23.4696;0.987552
G69J1;36.137777;-81.099093;347.1723816;3.346704
GEO-0381;33.33583333;-79.24472222;3.048;1.542288
GEO-0382;33.33583333;-79.24472222;3.048;37.1094
GEO-0383;33.33583333;-79.24472222;3.048;37.862256
GEO-0390;33.39442;-79.37804;5.4864;53.20284
GEO-0391;33.39432;-79.37804;5.4864;2.817876
GG31J1;33.972439;-77.918429;1.7971008;0.755904
GG32T4;33.941987;-78.009783;8.2073496;6.790944
GG32T5;33.941987;-78.009783;8.2805016;6.501384
GG32T6;33.941987;-78.009783;8.1951576;1.563624
GG34S3;33.94;-78.2;10.491216;2.45364
GG34S4;33.94;-78.2;10.570464;5.236464
GG34S5;33.94;-78.2;10.725912;2.889504
GG34S6;33.94;-78.2;11.158728;3.422904
GG34S7;33.94;-78.2;10.283952;2.19456
GG35R3;33.95;-78.29;11.975592;1.4478
GG37B4;33.99;-78.44;20.945856;3.654552
GG37B5;33.99;-78.44;20.842224;3.445764
GRV-0712;35.106546;-82.626367;968.9592;11.731752
GRV-2162;34.904605;-82.263341;265.7856;11.426952
GRV-2230;34.924401;-82.444599;299.3136;2.700528
GRV-2543;35.126334;-82.571352;404.95728;4.605528
GRV-3333;35.166123;-82.471393;570.79896;9.581388
GRV-3335;35.124998;-82.573712;412.51632;2.199132
GRV-3336;35.124998;-82.573712;412.45536;2.69748
GRV-3341;35.160745;-82.224687;314.06592;14.328648
GRV-3342;35.160745;-82.224687;314.06592;14.185392
GRV-3533;34.924401;-82.444599;299.3136;1.289304
H61U1;36.012442;-80.422293;223.9414368;9.241536
HAM-0050;32.68;-81.18888889;33.528;5.376672
HAM-0083;32.69722222;-80.85083333;14.0208;11.463528
HAM-0174;32.82333333;-81.28305556;43.2816;8.872728
HAM-0181;32.73361111;-81.36111111;24.9936;7.824216
HAM-0314;32.83027778;-81.16583333;34.1376;7.549896
HAM-0315;32.83027778;-81.16583333;34.1376;7.827264
HH39J3;33.892777;-78.589421;14.3204184;15.451836
HH39J4;33.892777;-78.589421;14.1741144;16.148304
HH39J5;33.892777;-78.589421;14.2655544;22.73808
HH39J8;33.893056;-78.588611;15.0641304;4.576572
HOR-0290;33.67055556;-78.93972222;6.096;31.732728
HOR-0309;33.76777778;-78.96638889;13.1064;39.3192
HOR-1326;33.657222;-78.926806;4.2672;29.212032
HOR-1327;33.657083;-78.926861;4.2672;31.168848
I58Y2;35.927592;-80.245938;264.9827568;10.928604
JAS-0298;32.45916667;-80.89666667;4.572;6.608064
JAS-0351;32.52027778;-81.15222222;17.6784;12.950952
JAS-0402;32.46361111;-81.1075;16.764;15.368016
JAS-0403;32.605;-81.16277778;22.2504;15.124176
JAS-0468;32.61777778;-80.99583333;19.812;4.558284
JAS-0490;32.48166667;-80.97277778;12.192;12.265152
JAS-0491;32.48166667;-80.97277778;12.192;12.18438
JAS-0492;32.61805556;-80.99555556;19.812;16.442436
JAS-0499;32.17305556;-81.07638889;3.048;13.706856
KER-0263;34.55833333;-80.44361111;143.256;10.460736
L67U2;35.672084;-80.92762;249.174;10.037064
L76G2;35.717353;-81.725511;315.94044;2.474976
LEE-0075;34.2025;-80.17444444;60.0456;5.733288
LEE-0179;34.20222222;-80.17444444;59.436;6.513576
LEE-0180;34.20222222;-80.17444444;59.436;7.812024
LEE-0181;34.20222222;-80.17444444;59.436;6.25602
LEX-0823;33.73555556;-81.10555556;92.964;4.8768
LEX-0844;33.74611111;-81.1075;111.8616;21.546312
LEX-1702;33.82296;-81.1988;164.8968;5.404104
LEX-1703;33.94289;-81.03233;39.0144;4.372356
LRN-1705;34.490742;-82.0429;194.55384;4.55676
LRN-1706;34.570851;-82.113771;258.1656;30.900624
M53L1;35.629546;-79.769778;232.7382696;8.680704
M93L1;35.62516;-83.11589;845.402424;1.222248
M93R1;35.61647;-83.1209;861.79152;2.14884
M97S1;35.60802;-83.435688;1494.534679;10.421112
MRN-0077;33.86194444;-79.33055556;9.7536;18.726912
MRN-0178;33.86156;-79.33048;8.2296;1.688592
N46H1;35.56524;-79.20924;74.365104;4.559808
N95G1;35.56212;-83.312235;682.6977456;2.42316
N95G2;35.55595;-83.31153;671.6642904;3.255264
O87D1;35.490833;-82.644167;721.778592;3.38328
O97L1;35.463206;-83.435249;553.856652;2.161032
O97W2;35.421774;-83.456734;523.015464;1.61544
ORG-0009;33.32305556;-80.41138889;30.48;4.447032
ORG-0393;33.50805556;-80.865;78.3336;35.777424
ORG-0430;33.50805556;-80.865;78.3336;26.048208
ORG-0431;33.50805556;-80.865;78.3336;8.284464
ORG-0634;33.45444444;-80.71833333;50.292;16.210788
ORG-0635;33.45694444;-80.595;48.4632;8.567928
ORG-0636;33.39388889;-80.5425;34.1376;6.708648
ORG-0637;33.58194444;-80.81638889;101.8032;24.219408
ORG-0638;33.43277778;-80.42861111;39.0144;12.96924
ORG-0639;33.30944444;-80.27944444;27.1272;4.70916
ORG-0641;33.28555556;-80.71888889;41.7576;1.746504
ORG-0642;33.45222222;-81.13694444;68.58;7.68096
P51O1;35.37269;-79.65738;148.2239352;7.239
P54H1;35.38378;-79.88012;163.747704;7.927848
Q51N1;35.29;-79.65;203.170536;10.366248
Q66C1;35.318611;-80.875555;218.614752;1.450848
Q94I1;35.31352;-83.1871;633.8401344;0.841248
Q94J1;35.31221;-83.1806;656.636736;5.54736
R47Q2;35.19673;-79.299547;107.4642504;31.25724
R47Q3;35.19673;-79.299547;107.2417464;4.453128
R47Q4;35.19673;-79.299547;107.6684664;5.495544
R48Y4;35.17;-79.41;176.421288;24.920448
R49C3;35.239973;-79.4594;128.9977608;7.624572
R82I1;35.23009;-82.188257;334.9752;8.506968
RIC-0543;33.875;-80.70222222;56.0832;14.042136
RIC-0585;33.94888889;-80.84083333;99.9744;36.191952
RIC-0776;33.83722222;-80.62527778;44.5008;18.039588
RIC-0799;33.944158;-80.665659;67.028568;26.7462
S48H2;35.145158;-79.371585;144.8979576;9.2964
S49D2;35.16;-79.48;147.578064;20.004024
S50F4;35.15;-79.57;149.544024;18.640044
S50F5;35.15;-79.57;149.476968;6.003036
SAL-0069;34.087861;-81.669919;138.10488;4.059936
SUM-0146;33.93611111;-80.34555556;53.6448;18.614136
SUM-0153;33.865;-80.37666667;54.2544;32.837628
SUM-0488;33.87444444;-80.43777778;55.7784;24.05634
SUM-0492;33.94555556;-79.98;38.1;24.935688
SUM-0497;33.87444444;-80.43777778;55.7784;7.845552
SUM-0531;33.94561;-79.979706;37.4904;2.106168
T48I2;35.05481;-79.359448;105.2532312;1.210056
T50R3;35.023181;-79.546755;125.6708688;17.166336
T50R4;35.023181;-79.546755;125.1770928;14.880336
T50R5;35.023181;-79.546755;125.1252768;13.168884
T50R6;35.023181;-79.546755;124.6345488;13.19784
U40Y1;34.932655;-78.739156;40.2460968;31.83636
U40Y2;34.932655;-78.739156;40.2003768;15.95628
U40Y3;34.932655;-78.739156;40.1973288;6.458712
U40Y4;34.932655;-78.739156;40.3832568;1.053084
U41A1;34.987708;-78.75479;41.3701992;2.420112
U46E6;34.992801;-79.24488;83.5084944;11.359896
U48V1;34.92052;-79.35417;69.2575704;2.932176
U48V3;34.92052;-79.35417;68.5473864;0.204216
U52R1;34.94744;-79.70934;89.8559544;2.767584
U62A1;34.987809;-80.503237;169.1146224;6.269736
V39O1;34.882533;-78.657536;35.3568;19.406616
V39O2;34.882533;-78.657536;35.3568;1.469136
V39O3;34.882533;-78.657536;35.3568;5.916168
V42V1;34.845259;-78.850955;46.1281272;6.7818
V42V2;34.845259;-78.850955;46.0610712;5.396484
V42V3;34.845259;-78.850955;46.0580232;6.733032
V42V4;34.845259;-78.850955;46.0549752;51.028092
V42V5;34.845259;-78.850955;46.0001112;58.539888
V42V6;34.845259;-78.850955;45.9574392;5.428488
V45U2;34.843151;-79.087593;55.813452;14.785848
V45U3;34.84;-79.09;56.09844;1.621536
V45U4;34.84;-79.09;56.452008;1.95072
V45U6;34.84;-79.09;56.007;1.517904
V45U7;34.84;-79.09;56.016144;1.274064
W41X1;34.760652;-78.802587;44.7181224;26.99766
W41X2;34.760652;-78.802587;44.8217544;60.17514
WIL-0355;33.4025;-79.77833333;16.4592;31.091124
X38Y2;34.683326;-78.581487;19.3816224;8.10768
X39T6;34.687286;-78.583437;20.7611472;3.834384
X44K4;34.709867;-79.001589;44.7098928;0.841248
X44K7;34.71;-79;44.796456;1.164336
X44K8;34.71;-79;44.872656;36.048696
X44K9;34.71;-79;44.854368;36.74364
X47K3;34.71;-79.26;53.464968;4.093464
Y34P2;34.60453;-78.241805;9.1403424;0.24384
Y34P3;34.60453;-78.241805;9.1464384;4.078224
Y34P7;34.604516;-78.24184;9.0641424;0.621792
Y40G1;34.65;-78.73;43.54068;41.525952
Y40G2;34.65;-78.73;43.498008;12.39012
Y40G3;34.65;-78.73;43.598592;9.485376
Y40G4;34.65;-78.73;43.339512;1.679448
Y40G5;34.65;-78.73;43.336464;4.209288
Y42F10;34.64;-78.92;42.476928;15.749016
Y42F11;34.644442;-78.915974;42.7539912;10.908792
Y42F12;34.644442;-78.915974;42.7417992;1.511808
Y42F9;34.644442;-78.915974;42.6960792;40.02786
Y44O4;34.623512;-79.075071;37.5824496;1.763268
Y44O6;34.623512;-79.075071;37.3690896;19.434048
Z41U1;34.506753;-78.754306;32.1786504;1.6383
Z41U2;34.506753;-78.754306;32.2639944;25.395936
Z41U3;34.51;-78.75;32.40024;2.100072
Z47R1;34.532009;-79.296151;43.4556408;11.329416
Z47R2;34.532009;-79.296151;43.4617368;15.172944
Z47R3;34.532009;-79.296151;43.4983128;14.743176
Z47R4;34.532009;-79.296151;43.4952648;9.378696
Z47R5;34.532009;-79.296151;43.6202328;2.95656