ID,lat,long,altitude,median_water_depth
313823081154201,31.63994184,-81.26148831,4.78536,6.612636
315113081121401,31.8536111111111,-81.2038888888889,6.096,11.350752000000002
315214081235301,31.87076688,-81.39788719,4.879848000000001,7.450836000000001
315443081185902,31.91194444,-81.31638889,2.901696,7.914132
315443081185903,31.912,-81.31627778,3.3528,7.8074520000000005
315906081011202,31.98521452,-81.01983372,2.8133040000000005,11.853672
315906081011204,31.9852145,-81.0198337,2.892552,2.5603200000000004
315950081161201,31.99742964,-81.269834,5.428488,1.0454640000000002
320021081124801,32.00604155,-81.21316744,3.709416,12.457176
320122080510204,32.02299175,-80.85038817,2.322576,7.327392
320127080511203,32.02438054,-80.853166,,3.288792
320127080511205,32.02438054,-80.853166,,2.5542240000000005
320150080540601,32.0307687694585,-80.9014997906235,2.1336,
320202080541201,32.0341019,-80.90316645,-0.21336,7.994904000000001
320202080541202,32.0341019,-80.9031665,-0.21336,1.7465040000000005
320202080541203,32.0341019,-80.9031665,-0.21336,2.456688
320433081042701,32.0760416,-81.07400081,1.194816,16.785336
320530081085001,32.09187268,-81.14705669,3.0205680000000004,20.415504
320754081364301,32.13186697,-81.61177882,25.908,19.37004
321603080432202,32.26770186,-80.72260775,4.2672,
321742081234901,32.29519648,-81.3967778,24.374856,7.077456
321742081234904,32.29519648,-81.39677783,24.384,21.988272
321943081151401,32.3286111111111,-81.2538888888889,19.5072,13.493496000000002
322234081190003,32.3761111,-81.3166667,12.198096,6.220968
322236081191001,32.37685722,-81.31927633,12.490704,9.985248
323123081511601,32.52322514,-81.85428058,62.484,26.977848
323123081511602,32.5232251367985,-81.8542805841593,62.484,25.682448000000004
324729079472001,32.7915652950151,-79.9284211693436,1.993392,18.277332
325232082131501,32.8757777777778,-82.2208333333333,81.9912,26.986992000000004
330247079340300,33.04655887,-79.5672912,6.7056,4.291584
330548081391101,33.0968190233481,-81.6528888662976,25.908,-25.868376
330548081391102,33.0970967909941,-81.6528888664919,25.908,-20.395692
330548081391103,33.09681902,-81.65288887,25.908,-8.66394
331022080021801,33.1729471319614,-80.0378611861921,20.4216,21.378672
331711081573701,33.2571388888889,-81.9625,90.5256,40.434768
331940081443501,33.3279217956966,-81.7428898204847,108.8136,
332131082013401,33.3585555555556,-82.0261388888889,73.7616,20.610576
335335078351901,33.8930555555556,-78.5886111111111,14.9352,
335336082214600,33.8934574978837,-82.3626268768138,121.92,11.454384
335629078115406,33.9411111111111,-78.1986111111111,11.2776,3.2400240000000005
335629078115407,33.9413888888889,-78.1986111111111,10.3632,
335631078003604,33.9419444444444,-78.0097222222222,8.558784,6.8397120000000005
335631078003605,33.9419444444444,-78.0097222222222,8.613648000000001,6.449568
335631078003606,33.9419444444444,-78.0097222222222,8.5344,
335849078054301,33.9802777777778,-78.0952777777778,16.623792,11.463528
340059080240709,34.0165438251001,-80.4020254587487,60.8838,
340416078084202,34.0713888888889,-78.1448611111111,12.192,2.8376880000000004
340837081173800,34.1436944444444,-81.2939722222222,111.8616,
342440080443900,34.4111111111111,-80.7441666666667,91.397328,16.120872000000002
342440080443901,34.4111305555556,-80.7444111111111,91.397328,14.087856
343105080172100,34.5181111,-80.2894167,92.6592,4.038600000000001
343714082285600,34.62066938,-82.4820722,239.268,0.917448
344000081250011,34.6743043322988,-81.4150965278502,202.692,28.038552
344333080503600,34.7259722222222,-80.8433333333333,155.7528,7.97052
344333080503601,34.726,-80.8433333333333,156.0576,8.761476
344520079281001,34.755,-79.4672222222222,64.31280000000001,3.745992
344544079263701,34.7622222222222,-79.4436111111111,64.31280000000001,5.640324000000001
345051083041800,34.8475927327649,-83.0715404182914,329.184,9.081516
345145081502900,34.862627922286,-81.8412126551708,188.707776,13.2969
345812079313401,34.9705555555556,-79.5283333333333,131.15544,9.244584
345830081033100,34.9751666666667,-81.05875,206.98968,6.556248000000001
345830081033101,34.9751944444444,-81.0588055555556,206.9592,5.611368000000001
351709082434101,35.2858333333333,-82.7280555555556,663.48864,4.255008
351808082374302,35.3027777777778,-82.6283333333333,654.558,8.887968
352012081154301,35.3368055555556,-81.2620694444444,284.006544,11.530584
352012081154302,35.3368055555556,-81.2620694444444,282.18993600000005,9.87552
352315082484401,35.3877777777778,-82.8122222222222,959.63232,
353135080524201,35.5263888888889,-80.8783333333333,244.81536000000003,5.361432000000001
353135080524202,35.5266666666667,-80.8783333333333,244.7544,5.349240000000001
353135080524203,35.5266666666667,-80.8783333333333,244.66296000000003,6.934200000000001
353922083345600,35.6562026437203,-83.582110684479,654.7104,2.68224
354057080362601,35.6827833333333,-80.6070472222222,206.07528,2.069592
354133082042201,35.6926111111111,-82.0729444444444,409.8036,8.970264
354133082042203,35.6926111111111,-82.0729444444444,409.83408,9.000744000000001
354302081433201,35.7172222222222,-81.7255555555556,315.83376000000004,2.426208
354302081433202,35.7172222,-81.7255556,315.68136000000004,3.401568
355359080331701,35.8998194444444,-80.5547805555556,253.49911200000005,5.059680000000001
361011079595401,36.1697777777778,-79.9982777777778,295.68648,
AA32R1,34.44595,-78.03817,5.2294536,2.340864
AA32R2,34.44595,-78.03817,6.000597600000001,-0.207264
AA32R3,34.44595,-78.03817,4.839309600000001,2.822448
AA32R4,34.44595,-78.03817,5.1105816,-0.5181600000000001
AA35N1,34.455982,-78.307832,7.7227176,1.970532
AA35N2,34.455982,-78.307832,7.579461600000001,-11.55192
AA35N3,34.455982,-78.307832,8.8504776,2.286
AA35N4,34.455982,-78.307832,8.2317336,2.1579840000000003
AA35N5,34.455982,-78.307832,8.1555336,-0.765048
AA35N6,34.455982,-78.307832,8.2317336,-1.170432
AA39V1,34.418763,-78.602503,31.947612,6.163056
AA39V2,34.418763,-78.602503,31.892748000000005,14.67612
AA39V3,34.418763,-78.602503,31.926276,12.673584
AA39V4,34.418763,-78.602503,31.990284000000003,11.152632000000002
AA43Q1,34.439458,-78.971663,24.36876,18.193512
AIK-0497,33.5502777777778,-81.6572222222222,152.4,
AIK-0643,33.3772222222222,-81.6405555555556,79.5528,
AIK-0817,33.438056,-81.770833,127.7112,56.34532800000001
AIK-0824,33.4377777777778,-81.7708333333333,127.7112,55.60466400000001
AIK-0826,33.5430555555556,-81.4855555555555,89.91600000000001,8.081772
AIK-0847,33.5427777777778,-81.4852777777778,89.91600000000001,8.41248
AIK-0849,33.5422222222222,-81.485,89.91600000000001,12.886944000000002
AIK-0865,33.2866666666667,-81.7219444444444,80.772,
AIK-0867,33.37722222,-81.64083333,79.5528,16.069056
AIK-0869,33.37722222,-81.64083333,79.248,15.099792
AIK-0871,33.3772222222222,-81.6408333333333,79.5528,
AIK-0875,33.21444444,-81.75888889,46.0248,11.070336
AIK-0877,33.21416667,-81.75888889,46.0248,11.070336
AIK-0889,33.28666667,-81.72194444,81.0768,30.751272
AIK-0892,33.3375,-81.7086111111111,107.8992,
AIK-0894,33.33777778,-81.70861111,107.8992,45.299376
AIK-0897,33.33777778,-81.70861111,107.8992,30.5562
AIK-2379,33.3527777777778,-81.81,68.2752,
AIK-2380,33.3527777777778,-81.8097222222222,69.4944,
AIK-2449,33.5394444444444,-81.855,150.5712,78.21472800000001
AIK-2450,33.5247222222222,-81.7088888888889,149.352,
AIK-2468,33.6602777777778,-81.3697222222222,147.828,
AIK-2544,33.6252777777778,-81.85,149.352,25.02408
AIK-2711,33.5138888888889,-81.9208333333333,129.54000000000002,56.07862800000001
AIK-2720,33.6538888888889,-81.7155555555556,115.824,
AIK-2741,33.353503,-81.808839,70.104,15.111984
AIK-2742,33.542333,-81.485415,91.44,8.705088
ALL-0330,33.02666667,-81.28666667,52.4256,
ALL-0358,33.1133333333333,-81.5061111111111,74.0664,19.744944
ALL-0363,33.11361111,-81.50611111,74.9808,25.091136
ALL-0365,33.1136111111111,-81.5061111111111,74.3712,35.55492
ALL-0367,33.1133333333333,-81.5061111111111,74.9808,28.642056000000004
ALL-0371,33.02472222,-81.38472222,85.95360000000001,28.709112
ALL-0372,33.02472222,-81.38444444,85.95360000000001,17.471136
ALL-0373,33.025,-81.38416667,85.34400000000001,38.34384
ALL-0375,33.025,-81.385,86.25840000000001,47.225712
ALL-0376,33.025,-81.3847222222222,85.95360000000001,44.33316
ALL-0377,33.0247222222222,-81.3844444444445,85.95360000000001,31.251144000000004
ALL-0378,33.0613888888889,-81.5638888888889,23.7744,-25.386792000000003
ALL-0408,32.975,-81.45833333,41.148,47.661576
ALL-0442,32.86388889,-81.30555556,42.672,5.31876
BAM-0022,33.31583333,-81.13861111,67.056,8.93064
BAM-0026,33.10305556,-81.01277778,42.672,1.4478
BAM-0027,33.2883333333333,-81.0408333333333,44.805600000000005,
BAM-0031,33.29666667,-81.03666667,48.768,1.4478
BAM-0068,33.05583333,-81.09833333,32.9184,2.112264
BAM-0077,33.3061111111111,-81.0355555555555,50.292,
BAM-0081,33.17638889,-80.91694444,40.5384,
BB45M2,34.373223,-79.127359,27.599944800000003,13.941552
BB45M3,34.373223,-79.127359,27.670048800000004,8.119872
BB45M4,34.373223,-79.127359,27.523744800000003,6.807708
BB45M5,34.373223,-79.127359,27.6212808,3.514344
BB45M6,34.373223,-79.127359,27.560320800000003,2.097024
BFT-0101,32.16805556,-80.74055556,4.2672,6.687312
BFT-0133,32.52361111,-80.71861111,3.6576,3.1973520000000004
BFT-0429,32.26416667,-80.82,6.7056,
BFT-0441,32.24916667,-80.72777778,3.048,3.486912
BFT-0449,32.326889,-80.461306,1.524,1.261872
BFT-0452,32.39805556,-80.4375,1.8288,0.783336
BFT-0488,32.40861111,-80.51333333,3.048,2.6426160000000003
BFT-0501,32.28707,-80.81392,5.1816,
BFT-0563,32.37444444,-80.54722222,5.1816,4.28244
BFT-0564,32.33555556,-80.62361111,5.486400000000001,
BFT-0565,32.321667,-80.673611,3.6576,
BFT-0709,32.13166667,-80.79444444,2.7432000000000003,
BFT-0787,32.24888889,-80.69916667,3.6576,
BFT-0844,32.33694444,-80.855,3.048,
BFT-0982,32.364611,-80.659806,3.3528,2.6426160000000003
BFT-1736,32.4075,-80.77111111,6.4008,6.894576000000001
BFT-1809,32.2675,-80.72277778,3.6576,3.806952
BFT-1813,32.23277778,-80.67722222,3.6576,4.306824000000001
BFT-1814,32.23277778,-80.67722222,3.6576,3.5234880000000004
BFT-1820,32.20472222,-80.74916667,3.048,5.269992
BFT-1822,32.20472222,-80.74916667,3.048,4.680204
BFT-1845,32.28055556,-80.82166667,3.6576,5.626608000000001
BFT-1846,32.28055556,-80.82166667,3.6576,5.8917839999999995
BFT-1925,32.46944444,-80.74111111,11.8872,
BFT-1970,32.375,-80.693333,2.7432000000000003,1.978152
BFT-2200,32.256667,-80.707222,5.1816,5.711952
BFT-2245,32.14805556,-80.83777778,3.9624,6.989064
BFT-2247,32.09027778,-80.87194444,3.048,
BFT-2301,32.295278,-80.799167,3.6576,
BFT-2303,32.238333,-80.808611,4.8768,6.525768
BFT-2308,32.221111,-80.671944,2.7432000000000003,
BFT-2309,32.17611111,-80.76805556,2.7432000000000003,4.67868
BFT-2314,32.22166667,-80.77833333,2.7432000000000003,3.694176
BFT-2356,32.20329,-80.88032,4.572,9.015984
BFT-2404,32.21305556,-80.71722222,5.7912,
BFT-2405,32.23698,-80.732411,4.2672,4.8646080000000005
BFT-2408,32.28444444,-80.85138889,6.7056,9.110472
BRK-0035,33.14,-79.79638889,4.572,
BRK-0046,33.4055555555556,-79.9261111111111,22.86,
BRK-0048,33.17055556,-80.29166667,25.908,9.15924
BRK-0089,33.2852777777778,-79.695,9.7536,22.027896
BRK-0166,33.27194444,-79.96444444,15.8496,
BRK-0174,33.03055556,-79.96805556,2.7432000000000003,2.782824
BRK-0595,32.97305556,-79.77638889,6.096,4.660392
BRK-0644,33.40416667,-79.93388889,22.86,4.1071800000000005
BRK-0647,33.26166667,-79.6575,9.4488,
BRK-0654,33.0061111111111,-79.8763888888889,9.4488,
BRN-0078,33.3997222222222,-81.4216666666667,103.632,34.757868
BRN-0243,33.2022222222222,-81.5777777777778,76.5048,
BRN-0246,33.2125,-81.6241666666666,77.1144,
BRN-0303,33.2458333333333,-81.6161111111111,90.5256,
BRN-0312,33.3444444444444,-81.5002777777778,101.4984,
BRN-0313,33.2530555555556,-81.6725,90.2208,
BRN-0314,33.1911111111111,-81.5130555555556,65.532,
BRN-0322,33.21361111,-81.62222222,76.8096,23.213568
BRN-0323,33.20222222,-81.57777778,76.8096,
BRN-0324,33.3105555555556,-81.6061111111111,89.30640000000001,
BRN-0325,33.3105555555556,-81.6061111111111,89.30640000000001,
BRN-0328,33.2022222222222,-81.5777777777778,77.1144,25.289256
BRN-0331,33.2141666666667,-81.6236111111111,76.8096,
BRN-0335,33.1466666666667,-81.6075,62.7888,
BRN-0341,33.20222222,-81.57777778,77.1144,
BRN-0345,33.21416667,-81.62305556,77.1144,9.622536
BRN-0349,33.17888889,-81.31416667,63.7032,7.577328
BRN-0351,33.17861111,-81.31472222,63.0936,10.22604
BRN-0352,33.1788888888889,-81.3147222222222,63.0936,14.167104
BRN-0353,33.1786111111111,-81.315,63.3984,15.096744
BRN-0358,33.3205555555556,-81.4077777777778,81.0768,18.669
BRN-0360,33.3208333333333,-81.4077777777778,80.4672,5.971032
BRN-0362,33.34444444,-81.50027778,101.1936,15.291816
BRN-0365,33.3211111111111,-81.4075,80.4672,19.040856
BRN-0367,33.3211111111111,-81.4077777777778,80.4672,15.910560000000002
BRN-0379,33.2105555555556,-81.6572222222222,80.772,
BRN-0380,33.2858333333333,-81.635,83.51520000000001,
BRN-0384,33.1825,-81.6786111111111,55.168800000000005,
BRN-0388,33.34444444,-81.5,101.1936,32.59226400000001
BRN-0389,33.3444444444444,-81.5002777777778,101.1936,
BRN-0390,33.25277778,-81.67222222,90.5256,23.887176000000004
BRN-0394,33.24611111,-81.61611111,90.5256,34.07664
BRN-0396,33.24583333,-81.61611111,90.8304,9.841992
BRN-0398,33.275,-81.57333333,87.78240000000001,28.416504000000003
BRN-0399,33.275,-81.57333333,87.78240000000001,15.169896
BRN-0402,33.1466666666667,-81.6072222222222,63.0936,
BRN-0404,33.14666667,-81.60722222,63.3984,24.8412
BRN-0405,33.14666667,-81.6075,63.0936,13.786104
BRN-0406,33.1911111111111,-81.5133333333333,65.8368,
BRN-0408,33.19111111,-81.51333333,65.8368,19.418808
BRN-0409,33.19111111,-81.51305556,65.532,13.405104
BRN-0415,33.1825,-81.67861111,55.168800000000005,13.770864
BRN-0416,33.1825,-81.67861111,55.473600000000005,11.97864
BRN-0417,33.2294444444444,-81.5752777777778,95.4024,
BRN-0418,33.2294444444444,-81.5752777777778,95.4024,
BRN-0419,33.22972222,-81.57527778,95.4024,37.298376000000005
BRN-0420,33.22972222,-81.57527778,95.4024,28.136088
BRN-0424,33.2108333333333,-81.6575,80.772,
BRN-0427,33.21083333,-81.6575,80.772,25.795224
BRN-0429,33.21055556,-81.6575,80.772,17.059656
BRN-0430,33.2858333333333,-81.6347222222222,83.51520000000001,
BRN-0431,33.2858333333333,-81.635,83.51520000000001,
BRN-0432,33.2858333333333,-81.635,83.51520000000001,
BRN-0433,33.28583333,-81.635,83.51520000000001,28.60548
BRN-0434,33.28583333,-81.63472222,83.51520000000001,10.250424
BRN-0436,33.25277778,-81.6725,90.2208,39.124128000000006
BRN-0437,33.2530555555556,-81.6725,90.2208,
C71U1,36.416674,-81.258856,858.7368144000001,9.201912
CAL-0002,33.5575,-80.7166666666667,51.816,17.141952
CAL-0115,33.8122222222222,-80.9819444444445,54.864,
CAL-0192,33.5986111111111,-80.6477777777778,57.912000000000006,6.278880000000001
CAL-0193,33.5986111111111,-80.6477777777778,58.216800000000006,18.34896
CAL-0194,33.5986111111111,-80.6477777777778,57.912000000000006,31.053024
CAL-0195,33.5986111111111,-80.6477777777778,57.912000000000006,29.42844
CAL-0196,33.4858333333333,-80.6597222222222,45.72,
CAL-0215,33.59861,-80.64787,56.997600000000006,28.2702
CC31U1,34.26499,-77.92259,6.711696,2.69748
CC33O2,34.289277,-78.156671,18.080736,4.559808
CC33O5,34.289277,-78.156671,17.772888000000002,0.920496
CC38B10,34.33,-78.53,19.467576,5.772912000000001
CC38B5,34.325959,-78.529773,19.02714,0.8229600000000001
CC38B6,34.325959,-78.529773,19.374612,5.3050440000000005
CC38B7,34.325959,-78.529773,20.203668,-0.408432
CC38B8,34.325959,-78.529773,19.40814,5.763768000000001
CC38B9,34.325959,-78.529773,19.395948,5.370576000000001
CHN-0044,32.79583333,-80.07055556,2.7432000000000003,11.146536
CHN-0163,32.7880555555556,-79.8716666666666,7.9248,
CHN-0172,32.8477777777778,-80.0641666666667,4.572,
CHN-0173,32.8452777777778,-79.8269444444444,4.572,
CHN-0174,32.5805555555556,-80.1597222222222,2.1336,
CHN-0178,32.7841666666667,-79.9430555555556,2.4384,
CHN-0182,33.2005555555556,-79.4355555555556,3.048,
CHN-0183,32.8680555555556,-79.7655555555555,7.62,
CHN-0186,32.5997222222222,-80.1058333333333,1.524,
CHN-0187,32.7875,-79.7872222222222,3.048,
CHN-0219,32.8044444444444,-79.7336111111111,3.048,
CHN-0460,32.88166667,-79.98861111,9.144,
CHN-0484,32.58194444,-80.30611111,4.2672,14.776704
CHN-0601,32.7594444444444,-79.8488888888889,2.4384,
CHN-0603,32.7769444444444,-79.8097222222222,2.4384,
CHN-0604,32.8011111111111,-79.7541666666667,3.048,
CHN-0635,32.7644444444444,-79.8327777777778,2.1336,
CHN-0801,32.6144444444444,-80.0525,3.048,
CHN-0803,33.15583333,-79.36388889,3.3528,2.46888
CHN-0849,32.7916666666667,-79.8986111111111,,
CHN-0989,32.73722222,-80.17777778,4.572,15.319248
CHN-0990,32.94083333,-79.65694444,1.524,2.016252
CHN-0991,32.9405555555556,-79.6569444444445,1.524,1.007364
CLA-0016,33.6938888888889,-80.2127777777778,38.1,11.7729
CLA-0020,33.7,-80.2136111111111,39.624,11.0109
CLA-0027,33.6883333333333,-80.1938888888889,33.528,
CLA-0030,33.8855555555556,-80.01,29.8704,
CLA-0033,33.6511111111111,-80.2802777777778,41.7576,
CLA-0036,33.5811111111111,-80.3944444444444,28.956000000000003,
CLA-0061,33.8283333333333,-79.9483333333333,24.384,
CLA-0146,33.6352777777778,-80.2669444444444,41.148,
CLA-0148,33.7383333333333,-80.3583333333333,55.778400000000005,
CLA-0213,33.5886111111111,-80.2061111111111,29.260800000000003,
COL-0030,32.8963888888889,-80.6783333333333,18.5928,2.313432
COL-0049,32.9508333333333,-80.6344444444445,18.288,
COL-0050,32.9116666666667,-80.6472222222222,25.908,
COL-0073,33.00083333,-80.78222222,24.9936,
COL-0092,32.66166667,-80.65722222,3.6576,8.147304
COL-0096,32.73583333,-80.45222222,0.9144,11.152632000000002
COL-0097,33.04777778,-80.59777778,24.384,15.858744000000002
COL-0170,32.61083333,-80.55361111,6.096,14.990064
COL-0232,33.06722222,-80.95388889,33.528,
COL-0269,32.86388889,-80.65333333,15.24,17.9832
COL-0273,32.8775,-80.77833333,24.384,19.181064
COL-0301,32.51166667,-80.29944444,3.048,13.83792
COL-0788,32.96694444,-80.69527778,26.2128,
COL-0793,33.11361111,-80.70333333,29.260800000000003,
COL-0794,32.98083333,-80.85305556,21.336,
COL-0795,32.74888889,-80.69555556,6.4008,11.009376
COL-0796,32.8525,-80.84555556,25.6032,19.565112
COL-0797,32.9925,-80.55638889,18.5928,13.386816
COL-0803,33.062181,-80.615,24.9936,4.014216
CRK-0074,35.155294,-81.442778,250.2408,21.82368
CTF-0081,34.6430555555556,-79.9116666666667,58.8264,26.462736
CTF-0189,34.5180555555556,-80.2897222222222,95.7072,
CTF-0197,34.6519444444444,-80.2791666666667,171.60240000000002,
CTF-0221,34.4288888888889,-80.2827777777778,124.69368,44.671488
CTF-0222,34.4288888888889,-80.2827777777778,124.69368,39.212520000000005
CTF-0224,34.4916666666667,-80.265,146.6088,
CTF-0325,34.64314,-79.91164,58.216800000000006,11.073384
D61X1,36.343972,-80.467563,408.136344,13.322808
D72Y1,36.333751,-81.415068,868.8348384,1.389888
DAR-0096,34.5058333333333,-79.8561111111111,57.912000000000006,
DAR-0228,34.4586111111111,-79.88,52.4256,11.38428
DD42N1,34.210698,-78.896111,32.6251824,2.417064
DD42N2,34.210698,-78.896111,32.723328,13.264896000000002
DD42N3,34.210698,-78.896111,32.3996304,28.715208
DD42N4,34.210698,-78.896111,32.3935344,20.884896
DIL-0070,34.4727777777778,-79.4016666666667,39.624,
DIL-0079,34.345,-79.1683333333333,27.432,
DIL-0121,34.3283333333333,-79.2830555555555,28.956000000000003,17.873472
DIL-0129,34.4683333333333,-79.3316666666667,47.8536,
DIL-0132,34.4825,-79.315,44.196000000000005,
DIL-0170,34.3633333333333,-79.5341666666667,35.6616,
DIL-0171,34.3302777777778,-79.2869444444444,24.9936,9.371076
DIL-0172,34.3302777777778,-79.2869444444444,24.9936,16.206216
DIL-0173,34.3302777777778,-79.2869444444444,24.9936,15.846552
DIL-0174,34.3302777777778,-79.2869444444444,24.9936,
DIL-0175,34.3302777777778,-79.2869444444444,24.9936,16.85544
DOR-0030,33.18305556,-80.55277778,27.432,10.405872
DOR-0049,32.96388889,-80.275,5.1816,
DOR-0058,33.11083333,-80.28555556,21.336,10.631424
DOR-0068,33.21333333,-80.44944444,28.956000000000003,14.96568
DOR-0088,32.9594444444444,-80.2019444444445,8.5344,
DOR-0155,33.14972222,-80.42722222,30.48,16.998696000000002
DOR-0221,32.9588888888889,-80.1627777777778,5.7912,
DOR-0228,32.9847222222222,-80.2197222222222,15.24,
DOR-0240,33.03083333,-80.20555556,21.336,23.353776000000003
E61C1,36.33285,-80.46027,316.65641519999997,19.223736
E62U1,36.255882,-80.505147,252.8550696,8.327136000000001
E76Q1,36.27913,-81.7178,1237.7391552,19.238976
E76Q2,36.27959,-81.71772,1237.8885072,8.990076
E76Q3,36.279506,-81.717645,1237.7604912,19.6596
EE30M1,34.123109,-77.871875,1.6087344,1.283208
EE30M2,34.123109,-77.871875,1.7794224,3.343656
EE30M3,34.123109,-77.871875,1.7215104,2.96418
EE30P1,34.113155,-77.91664,5.3550312,5.7912
EE30P2,34.113155,-77.91664,5.4251352,1.136904
EE30P3,34.113155,-77.91664,5.3550312,5.769864
EE36K2,34.128756,-78.338547,18.391632,-7.732776000000001
EE36K3,34.128756,-78.338547,18.574512,2.1732240000000003
EE36K5,34.128756,-78.338547,18.7452,11.119104
EE36K6,34.128756,-78.338547,18.370296000000003,2.465832
EE36K8,34.128756,-78.338547,18.611088,1.4737080000000002
EE39O1,34.125932,-78.663792,16.1287968,-8.272272
EE39O2,34.125932,-78.663792,16.4335968,0.7802880000000001
EE39O3,34.125932,-78.663792,16.832884800000002,11.789664
EE39O4,34.125932,-78.663792,17.626279200000003,12.978384
EE39O5,34.13,-78.66,17.70888,12.530328
EE39O6,34.125932,-78.663792,17.6476152,12.883896000000002
F62J1,36.22421,-80.50564,309.9331368,9.72312
FF32Y1,34.014423,-78.083039,15.069312,1.453896
FF32Y2,34.014423,-78.083039,15.148560000000002,1.578864
FF33D1,34.071389,-78.144796,11.8594632,1.146048
FF33S1,34.024918,-78.101785,15.913608000000002,1.799844
FF34F1,34.053929,-78.236684,13.9442952,3.296412
FF38J8,34.06,-78.51,20.20824,2.874264
FF38X5,34.00168,-78.558532,13.1411472,2.023872
FLO-0095,34.2369444444444,-79.8130555555555,41.148,
FLO-0128,34.1955555555556,-79.5805555555555,29.5656,
FLO-0146,34.1697222222222,-79.7883333333333,34.1376,
FLO-0153,34.1369444444444,-79.9386111111111,44.196000000000005,
FLO-0207,34.0472222222222,-79.7861111111111,25.908,
FLO-0209,34.2197222222222,-79.7883333333333,39.624,
FLO-0276,33.8561111111111,-79.7666666666667,24.0792,27.768804000000003
FLO-0298,34.1722222222222,-79.7888888888889,32.004000000000005,
FLO-0317,33.9944444444444,-79.6013888888889,26.5176,
FLO-0474,34.0186111111111,-79.7547222222222,24.0792,18.038064
FLO-0475,34.0355555555556,-79.6619444444444,32.6136,
FLO-0484,33.85584,-79.76656,23.4696,0.987552
G69J1,36.137777,-81.099093,347.17238160000005,3.3467040000000003
GEO-0077,33.4041666666667,-79.2930555555556,6.096,
GEO-0095,33.3394444444444,-79.3625,5.7912,
GEO-0153,33.3633333333333,-79.2283333333333,6.096,
GEO-0232,33.2344444444444,-79.3891666666667,6.096,
GEO-0233,33.2480555555556,-79.4022222222222,7.62,
GEO-0249,33.6619444444444,-79.2466666666667,12.8016,
GEO-0296,33.2275,-79.205,6.096,
GEO-0381,33.3358333333333,-79.2447222222222,3.048,1.542288
GEO-0382,33.3358333333333,-79.2447222222222,3.048,37.1094
GEO-0383,33.3358333333333,-79.2447222222222,3.048,37.862256
GEO-0390,33.39442,-79.37804,5.486400000000001,53.20284000000001
GEO-0391,33.39432,-79.37804,5.486400000000001,2.817876
GG31J1,33.972439,-77.918429,1.7971008000000002,0.755904
GG32T4,33.941987,-78.009783,8.2073496,6.7909440000000005
GG32T5,33.941987,-78.009783,8.280501600000001,6.501384
GG32T6,33.941987,-78.009783,8.1951576,1.563624
GG34S2,33.94,-78.2,9.473184,-18.208752
GG34S3,33.94,-78.2,10.491216,2.4536400000000005
GG34S4,33.94,-78.2,10.570464,5.236464
GG34S5,33.94,-78.2,10.725912,2.889504
GG34S6,33.94,-78.2,11.158728,3.422904
GG34S7,33.94,-78.2,10.283952,2.19456
GG35R3,33.95,-78.29,11.975592,1.4478
GG37B4,33.99,-78.44,20.945856,3.654552
GG37B5,33.99,-78.44,20.842224,3.445764
GRV-0712,35.106546,-82.626367,968.9592,11.731752000000002
GRV-2162,34.904605,-82.263341,265.7856,11.426952000000002
GRV-2230,34.924401,-82.444599,299.3136,2.700528
GRV-2543,35.126334,-82.571352,404.95728,4.605528
GRV-3333,35.166123,-82.471393,570.7989600000001,9.581388
GRV-3335,35.124998,-82.573712,412.51632000000006,2.1991319999999996
GRV-3336,35.124998,-82.573712,412.45536,2.69748
GRV-3341,35.160745,-82.224687,314.06592000000006,14.328648
GRV-3342,35.160745,-82.224687,314.06592000000006,14.185392
GRV-3533,34.924401,-82.444599,299.3136,1.2893040000000002
H61U1,36.012442,-80.422293,223.9414368,9.241536
HAM-0050,32.68,-81.1888888888889,33.528,5.376672
HAM-0073,32.89916667,-81.00527778,23.7744,
HAM-0076,32.80583333,-80.90972222,20.4216,
HAM-0079,32.78527778,-81.05805556,25.908,
HAM-0083,32.69722222,-80.85083333,14.0208,11.463528
HAM-0174,32.82333333,-81.28305556,43.281600000000005,8.872728
HAM-0180,32.76166667,-81.2575,39.9288,
HAM-0181,32.73361111,-81.36111111,24.9936,7.824216000000001
HAM-0314,32.83027778,-81.16583333,34.1376,7.549896
HAM-0315,32.83027778,-81.16583333,34.1376,7.827264
HH39J3,33.892777,-78.589421,14.3204184,15.451836
HH39J4,33.892777,-78.589421,14.1741144,16.148304
HH39J5,33.892777,-78.589421,14.2655544,22.73808
HH39J8,33.893056,-78.588611,15.064130400000002,4.5765720000000005
HOR-0225,33.9986111111111,-79.2022222222222,31.0896,
HOR-0290,33.6705555555556,-78.9397222222222,6.096,31.732728
HOR-0304,33.6908333333333,-78.8958333333333,6.096,
HOR-0307,33.8494444444444,-79.0575,8.5344,
HOR-0309,33.7677777777778,-78.9663888888889,13.1064,39.3192
HOR-0332,33.7119444444444,-78.8852777777778,6.096,
HOR-0409,33.6880555555556,-78.9819444444445,8.8392,
HOR-0419,33.6297222222222,-78.9652777777778,6.096,
HOR-0548,33.6813888888889,-78.9958333333333,6.096,
HOR-1326,33.657222,-78.926806,4.2672,29.212032
HOR-1327,33.657083,-78.926861,4.2672,31.168848000000004
I58Y2,35.927592,-80.245938,264.9827568,10.928604
JAS-0298,32.45916667,-80.89666667,4.572,6.608064000000001
JAS-0351,32.52027778,-81.15222222,17.6784,12.950952
JAS-0402,32.46361111,-81.1075,16.764,15.368016
JAS-0403,32.605,-81.16277778,22.250400000000003,15.124176
JAS-0420,32.29777778,-81.12027778,6.4008,
JAS-0426,32.6183333333333,-80.9958333333333,19.2024,-16.88592
JAS-0468,32.6177777777778,-80.9958333333333,19.812,4.5582840000000004
JAS-0490,32.48166667,-80.97277778,12.192,12.265152
JAS-0491,32.48166667,-80.97277778,12.192,12.18438
JAS-0492,32.61805556,-80.99555556,19.812,16.442436
JAS-0499,32.17305556,-81.07638889,3.048,13.706856
KER-0263,34.5583333333333,-80.4436111111111,143.256,10.460736
L67U2,35.672084,-80.92762,249.174,10.037064
L76G2,35.717353,-81.725511,315.94044,2.4749760000000003
LEE-0036,34.2902777777778,-80.3416666666667,108.204,
LEE-0060,34.11,-80.2261111111111,53.34,
LEE-0075,34.2025,-80.1744444444444,60.0456,5.733288
LEE-0079,34.2111111111111,-80.2736111111111,70.104,
LEE-0179,34.2022222222222,-80.1744444444444,59.436,6.5135760000000005
LEE-0180,34.2022222222222,-80.1744444444444,59.436,7.812024000000001
LEE-0181,34.2022222222222,-80.1744444444444,59.436,6.256020000000001
LEX-0823,33.7355555555556,-81.1055555555556,92.964,4.8768
LEX-0838,33.8680555555556,-81.4072222222222,163.068,
LEX-0844,33.7461111111111,-81.1075,111.8616,21.546312
LEX-1702,33.82296,-81.1988,164.8968,5.404104
LEX-1703,33.94289,-81.03233,39.0144,4.372356
LRN-1705,34.490742,-82.0429,194.55384,4.55676
LRN-1706,34.570851,-82.113771,258.16560000000004,30.900624
LRN-1707,34.381281,-82.006283,201.168,
M53L1,35.629546,-79.769778,232.7382696,8.680704
M93L1,35.62516,-83.11589,845.4024240000001,1.222248
M93R1,35.61647,-83.1209,861.7915200000001,2.14884
M97S1,35.60802,-83.435688,1494.5346792,10.421112
MLB-0027,34.5633333333333,-79.5352777777778,54.864,
MLB-0031,34.6688888888889,-79.5433333333333,56.388000000000005,
MLB-0110,34.4930555555556,-79.7194444444445,28.956000000000003,
MLB-0112,34.6263888888889,-79.6894444444444,41.7576,
MRN-0009,34.1847222222222,-79.4061111111111,19.812,
MRN-0068,34.2466666666667,-79.5002777777778,19.812,
MRN-0070,34.1938888888889,-79.2933333333333,28.956000000000003,
MRN-0077,33.8619444444444,-79.3305555555555,9.7536,18.726912
MRN-0078,33.8619444444444,-79.3305555555555,10.668,-6.3306960000000005
MRN-0178,33.86156,-79.33048,8.2296,1.688592
N46H1,35.56524,-79.20924,74.365104,4.559808
N95G1,35.56212,-83.312235,682.6977456000001,2.42316
N95G2,35.55595,-83.31153,671.6642904,3.255264
O87D1,35.490833,-82.644167,721.778592,3.38328
O97L1,35.463206,-83.435249,553.856652,2.161032
O97W2,35.421774,-83.456734,523.0154640000001,1.61544
ORG-0009,33.32305556,-80.41138889,30.48,4.447032
ORG-0048,33.46666667,-80.86111111,53.34,
ORG-0079,33.4188888888889,-80.8519444444444,54.864,
ORG-0383,33.3680555555556,-81.0311111111111,53.34,
ORG-0385,33.3688888888889,-81.0308333333333,53.34,
ORG-0389,33.3625,-81.0330555555555,53.34,
ORG-0393,33.5080555555556,-80.865,78.3336,35.777424
ORG-0430,33.5080555555556,-80.865,78.3336,26.048208
ORG-0431,33.50805556,-80.865,78.3336,8.284464
ORG-0461,33.2472222222222,-80.8194444444444,35.052,
ORG-0509,33.5519444444444,-80.9538888888889,59.1312,
ORG-0634,33.45444444,-80.71833333,50.292,16.210788
ORG-0635,33.45694444,-80.595,48.4632,8.567928
ORG-0636,33.39388889,-80.5425,34.1376,6.708648000000001
ORG-0637,33.58194444,-80.81638889,101.8032,24.219408
ORG-0638,33.43277778,-80.42861111,39.0144,12.96924
ORG-0639,33.30944444,-80.27944444,27.1272,4.70916
ORG-0640,33.33222222,-80.60555556,34.4424,
ORG-0641,33.28555556,-80.71888889,41.7576,1.7465040000000005
ORG-0642,33.45222222,-81.13694444,68.58,7.68096
P51O1,35.37269,-79.65738,148.2239352,7.239000000000001
P54H1,35.38378,-79.88012,163.74770400000003,7.927848000000001
Q51N1,35.29,-79.65,203.17053600000003,10.366248
Q66C1,35.318611,-80.875555,218.614752,1.450848
Q94I1,35.31352,-83.1871,633.8401344,0.841248
Q94J1,35.31221,-83.1806,656.636736,5.54736
R47Q2,35.19673,-79.299547,107.4642504,31.25724
R47Q3,35.19673,-79.299547,107.2417464,4.453128
R47Q4,35.19673,-79.299547,107.6684664,5.495544000000001
R48Y4,35.17,-79.41,176.421288,24.920448000000004
R49C3,35.239973,-79.4594,128.9977608,7.624572000000001
R82I1,35.23009,-82.188257,334.97520000000003,8.506968
RIC-0543,33.875,-80.7022222222222,56.083200000000005,14.042136
RIC-0585,33.9488888888889,-80.8408333333333,99.9744,36.191952
RIC-0729,34.0827777777778,-80.9172222222222,80.772,
RIC-0775,33.8372222222222,-80.6252777777778,44.500800000000005,
RIC-0776,33.8372222222222,-80.6252777777778,44.500800000000005,18.039588000000002
RIC-0799,33.944158,-80.665659,67.028568,26.7462
S48H2,35.145158,-79.371585,144.8979576,9.2964
S49D2,35.16,-79.48,147.578064,20.004024
S50F4,35.15,-79.57,149.544024,18.640044
S50F5,35.15,-79.57,149.47696800000003,6.003036
SAL-0069,34.087861,-81.669919,138.10488,4.059936
SUM-0146,33.9361111111111,-80.3455555555555,53.6448,18.614136
SUM-0153,33.865,-80.3766666666667,54.2544,32.837628
SUM-0288,33.9858333333333,-80.2133333333333,43.891200000000005,
SUM-0296,33.7105555555556,-80.5322222222222,52.1208,
SUM-0297,33.7105555555556,-80.5322222222222,52.1208,
SUM-0488,33.8744444444444,-80.4377777777778,55.778400000000005,24.05634
SUM-0492,33.9455555555556,-79.98,38.1,24.935688000000003
SUM-0497,33.8744444444444,-80.4377777777778,55.778400000000005,7.845552
SUM-0531,33.94561,-79.979706,37.4904,2.1061680000000003
T48I2,35.05481,-79.359448,105.25323120000002,1.210056
T50R3,35.023181,-79.546755,125.6708688,17.166336
T50R4,35.023181,-79.546755,125.1770928,14.880336000000002
T50R5,35.023181,-79.546755,125.1252768,13.168884000000002
T50R6,35.023181,-79.546755,124.6345488,13.19784
U40Y1,34.932655,-78.739156,40.2460968,31.836360000000003
U40Y2,34.932655,-78.739156,40.2003768,15.95628
U40Y3,34.932655,-78.739156,40.1973288,6.458712
U40Y4,34.932655,-78.739156,40.383256800000005,1.0530840000000001
U41A1,34.987708,-78.75479,41.37019920000001,2.420112
U46E6,34.992801,-79.24488,83.5084944,11.359895999999999
U48V1,34.92052,-79.35417,69.2575704,2.932176
U48V2,34.92052,-79.35417,69.0289704,-0.521208
U48V3,34.92052,-79.35417,68.54738640000001,0.204216
U52R1,34.94744,-79.70934,89.8559544,2.7675840000000003
U62A1,34.987809,-80.503237,169.1146224,6.269736
V39O1,34.882533,-78.657536,35.3568,19.406616000000003
V39O2,34.882533,-78.657536,35.3568,1.4691360000000002
V39O3,34.882533,-78.657536,35.3568,5.916168000000001
V42V1,34.845259,-78.850955,46.1281272,6.7818000000000005
V42V2,34.845259,-78.850955,46.0610712,5.396484000000001
V42V3,34.845259,-78.850955,46.05802320000001,6.733032000000001
V42V4,34.845259,-78.850955,46.0549752,51.028092
V42V5,34.845259,-78.850955,46.000111200000006,58.539888000000005
V42V6,34.845259,-78.850955,45.9574392,5.428488
V45U2,34.843151,-79.087593,55.813452000000005,14.785848
V45U3,34.84,-79.09,56.09844,1.6215360000000003
V45U4,34.84,-79.09,56.452008000000006,1.95072
V45U6,34.84,-79.09,56.007000000000005,1.517904
V45U7,34.84,-79.09,56.016144,1.274064
W41X1,34.760652,-78.802587,44.7181224,26.99766
W41X2,34.760652,-78.802587,44.8217544,60.17514
WIL-0012,33.6713888888889,-79.8277777777778,16.764,
WIL-0016,33.7266666666667,-79.5494444444444,12.192,
WIL-0037,33.7488888888889,-79.4508333333333,16.764,
WIL-0051,33.7875,-79.8041666666667,22.250400000000003,
WIL-0118,33.6725,-79.8369444444444,16.764,
WIL-0196,33.5008333333333,-79.7694444444444,17.6784,
WIL-0203,33.7041666666667,-79.8138888888889,22.86,
WIL-0207,33.5763888888889,-79.9363888888889,22.86,
WIL-0208,33.5836111111111,-79.8708333333333,22.86,
WIL-0211,33.6816666666667,-79.5572222222222,15.24,
WIL-0212,33.6536111111111,-79.5019444444444,10.668,
WIL-0213,33.7727777777778,-79.4480555555556,15.8496,
WIL-0355,33.4025,-79.7783333333333,16.4592,31.091124
X38Y2,34.683326,-78.581487,19.3816224,8.10768
X39T6,34.687286,-78.583437,20.761147200000003,3.834384
X44K4,34.709867,-79.001589,44.709892800000006,0.841248
X44K7,34.71,-79.0,44.796456,1.164336
X44K8,34.71,-79.0,44.872656,36.048696
X44K9,34.71,-79.0,44.854368,36.74364
X47K3,34.71,-79.26,53.464968,4.093464
Y34P2,34.60453,-78.241805,9.1403424,0.24384
Y34P3,34.60453,-78.241805,9.1464384,4.0782240000000005
Y34P4,34.60453,-78.241805,8.6922864,-0.006096
Y34P7,34.604516,-78.24184,9.0641424,0.621792
Y34P9,34.604516,-78.24184,8.984894400000002,-0.24384
Y40G1,34.65,-78.73,43.54068,41.525952
Y40G2,34.65,-78.73,43.498008000000006,12.39012
Y40G3,34.65,-78.73,43.598592,9.485376
Y40G4,34.65,-78.73,43.339512,1.679448
Y40G5,34.65,-78.73,43.33646400000001,4.209288000000001
Y42F10,34.64,-78.92,42.47692800000001,15.749016
Y42F11,34.644442,-78.915974,42.7539912,10.908792
Y42F12,34.644442,-78.915974,42.74179920000001,1.511808
Y42F9,34.644442,-78.915974,42.69607920000001,40.027860000000004
Y44O4,34.623512,-79.075071,37.5824496,1.763268
Y44O6,34.623512,-79.075071,37.3690896,19.434048
Z41U1,34.506753,-78.754306,32.1786504,1.6383
Z41U2,34.506753,-78.754306,32.2639944,25.395936
Z41U3,34.51,-78.75,32.400240000000004,2.100072
Z47R1,34.532009,-79.296151,43.455640800000005,11.329416000000002
Z47R2,34.532009,-79.296151,43.4617368,15.172944
Z47R3,34.532009,-79.296151,43.49831280000001,14.743176
Z47R4,34.532009,-79.296151,43.4952648,9.378696
Z47R5,34.532009,-79.296151,43.6202328,2.95656
